old,kind,status,real_words,editorial_inbound,h1,new,action,note
/,page,200,583,182,Een goede studiekeuze maken. Lastig hè?,/,keep,
/2014/,date-archive,200,353,1,Voor 1 mei inschrijven,,drop,noindex on the old site
/2014/03/,date-archive,200,369,0,"Gestopt met studie, een gemiste kans?",,drop,noindex on the old site
/2014/04/,date-archive,200,481,0,Kosten verkeerde studiekeuze,,drop,noindex on the old site
/2014/05/,date-archive,200,242,0,Wat betekent het leenstelsel concreet voor jou?,,drop,noindex on the old site
/2014/07/,date-archive,200,417,0,De voorbereiding op je nieuwe studie begint nu,,drop,noindex on the old site
/2014/11/,date-archive,200,413,0,In februari starten met een studie: voordelen en nadelen,,drop,noindex on the old site
/2014/12/,date-archive,200,353,0,Voor 1 mei inschrijven,,drop,noindex on the old site
/2015/,date-archive,200,605,1,Mijn studie is te moeilijk voor mij…,,drop,noindex on the old site
/2015/01/,date-archive,200,300,0,Stoppen voor 1 februari,,drop,noindex on the old site
/2015/05/,date-archive,200,378,0,Switchen van studie,,drop,noindex on the old site
/2015/06/,date-archive,200,362,0,Van vmbo naar mbo,,drop,noindex on the old site
/2015/09/,date-archive,200,509,0,"Mijn studie is niet leuk, wat nu?",,drop,noindex on the old site
/2015/10/,date-archive,200,424,0,Gestopt met je studie? Blijf niet stilzitten!,,drop,noindex on the old site
/2015/11/,date-archive,200,605,0,Mijn studie is te moeilijk voor mij…,,drop,noindex on the old site
/2016/,date-archive,200,505,1,Deadline decentrale selectie 15 januari,,drop,noindex on the old site
/2016/08/,date-archive,200,655,0,Studiekeuze? Wacht niet te lang met de voorbereiding!,,drop,noindex on the old site
/2016/12/,date-archive,200,505,0,Deadline decentrale selectie 15 januari,,drop,noindex on the old site
/2019/,date-archive,200,438,1,Studies en baankansen,,drop,noindex on the old site
/2019/02/,date-archive,200,437,0,Mbo-opleidingen beperkt aantal plaatsen,,drop,noindex on the old site
/2019/04/,date-archive,200,328,0,Halvering collegegeld,,drop,noindex on the old site
/2019/05/,date-archive,200,416,0,Geld lenen? De regering wil de rente op de studieschuld verhogen,,drop,noindex on the old site
/2019/08/,date-archive,200,421,0,Studeren in Belgie,,drop,noindex on the old site
/2019/09/,date-archive,200,520,0,Studie kiezen: ga je voor leuk of nuttig?,,drop,noindex on the old site
/2019/10/,date-archive,200,511,0,Hoe selecteren opleidingen hun studenten?,,drop,noindex on the old site
/2019/11/,date-archive,200,438,0,Studies en baankansen,,drop,noindex on the old site
/2020/,date-archive,200,414,1,Matching: wat moet je weten?,,drop,noindex on the old site
/2020/01/,date-archive,200,415,0,Bindend studieadvies: wat moet je weten?,,drop,noindex on the old site
/2020/03/,date-archive,200,421,0,Uitgeloot voor je studie: wat nu?,,drop,noindex on the old site
/2020/04/,date-archive,200,398,0,De wereld aan je voeten: waarom een tussenjaar?,,drop,noindex on the old site
/2020/05/,date-archive,200,528,0,Vervolgstudie geen goede match: wat nu?,,drop,noindex on the old site
/2020/06/,date-archive,200,436,0,Studiekeuzecheck: wat is jouw motivatie?,,drop,noindex on the old site
/2020/07/,date-archive,200,593,0,Geslaagd maar nog geen studie gekozen. Tussenjaar of alsnog een studie kiezen?,,drop,noindex on the old site
/2020/08/,date-archive,200,535,0,Mijn studie: hoe zit het met baankansen en startsalaris?,,drop,noindex on the old site
/2020/09/,date-archive,200,689,0,"Studeren: tegenvallers, twijfels en doorzettingsvermogen",,drop,noindex on the old site
/2020/11/,date-archive,200,548,0,"Een voltijd, deeltijd of een duale studie",,drop,noindex on the old site
/2020/12/,date-archive,200,414,0,Matching: wat moet je weten?,,drop,noindex on the old site
/2021/,date-archive,200,398,1,It’s (not) a match: nieuwe studiekeuze na de studiekeuzecheck?,,drop,noindex on the old site
/2021/01/,date-archive,200,416,0,Stoppen met studeren: wat moet je regelen?,,drop,noindex on the old site
/2021/02/,date-archive,200,440,0,Van havo naar universiteit,,drop,noindex on the old site
/2021/04/,date-archive,200,566,0,Studeren in het buitenland?,,drop,noindex on the old site
/2021/05/,date-archive,200,536,0,Verschillen tussen een reguliere en particuliere opleiding,,drop,noindex on the old site
/2021/07/,date-archive,200,392,0,Introductieweek: wat kunnen studenten verwachten?,,drop,noindex on the old site
/2021/10/,date-archive,200,398,0,It’s (not) a match: nieuwe studiekeuze na de studiekeuzecheck?,,drop,noindex on the old site
/2024/,date-archive,200,617,1,Uitschrijven bij je studie voor 1 februari,,drop,noindex on the old site
/2024/10/,date-archive,200,489,0,Vijf tips voor een vliegende studiestart,,drop,noindex on the old site
/2024/12/,date-archive,200,617,0,Uitschrijven bij je studie voor 1 februari,,drop,noindex on the old site
/2025/,date-archive,200,781,1,Spoedcursus studeren 4: Eigen verantwoordelijkheid,,drop,noindex on the old site
/2025/01/,date-archive,200,547,0,Van wisselende vakken tot studiepunten sprokkelen: scholier versus student (deel 2),,drop,noindex on the old site
/2025/02/,date-archive,200,560,0,Thuis studeren als een pro,,drop,noindex on the old site
/2025/05/,date-archive,200,1315,0,"Mbo, hbo of wo? Je kunt alle kanten op!",,drop,noindex on the old site
/2025/10/,date-archive,200,539,0,Numerus fixus in het mbo,,drop,noindex on the old site
/2025/11/,date-archive,200,561,0,Studeren zonder stress,,drop,noindex on the old site
/2025/12/,date-archive,200,781,0,Spoedcursus studeren 4: Eigen verantwoordelijkheid,,drop,noindex on the old site
/2026/,date-archive,200,773,1,Een goede balans tussen studie en vrije tijd,,drop,noindex on the old site
/2026/01/,date-archive,200,773,0,Een goede balans tussen studie en vrije tijd,,drop,noindex on the old site
/aart-smit/,page,200,619,6,Interview Studiekeuzecoach Aart Smit,/studiekeuzecoaches/aart-smit,redirect,
/afrekenen/,shop,200,8,1,Winkelwagen,/tarieven,redirect,the old site already redirects this to /winkelwagen/
/amersfoort/,other,200,723,1,StudieKeuzeAdvies Amersfoort,/locaties/amersfoort,redirect,the old site already redirects this to /locaties/amersfoort/
/amsterdam/,other,200,980,1,StudieKeuzeAdvies Amsterdam,/locaties/amsterdam,redirect,the old site already redirects this to /locaties/amsterdam/
/angelina-muller/,page,200,511,8,Interview Studiekeuzecoach Angelina Muller,/studiekeuzecoaches/angelina-muller,redirect,
/artikel-aanmelden-studies/,post,200,1068,3,Inschrijven,/artikel-aanmelden-studies,keep,the address is a page on this site now; the article keeps its root URL
/artikel-studentenleven/,post,200,582,1,Lid worden bij een vereniging?,/artikel-studentenleven,keep,the article keeps its root URL
/assessment-op-school/,page,200,4,1,Assessment op school,,drop,
/bedankpagina-aanvraag-studiekeuzeadvies/,page,200,38,1,Je aanvraag is gelukt!,/bedankt,redirect,
/bedankpagina-evaluatie-studiekeuzetraject/,other,200,20,1,Bedankpagina evaluatie studiekeuzetraject,,drop,
/bedankpagina-vrijblijvend-intakegesprek-inplannen/,page,200,47,1,Je aanvraag is gelukt!,/bedankt,redirect,
/bergen-op-zoom-2/,page,200,1,1,,/locaties/bergen-op-zoom,redirect,
/bergen-op-zoom/,page,200,747,182,StudieKeuzeAdvies Bergen op Zoom,/locaties/bergen-op-zoom,redirect,
/bindend-studieadvies/,post,200,415,1,Bindend studieadvies: wat moet je weten?,/bindend-studieadvies,keep,the article keeps its root URL
/breda/,other,200,727,1,StudieKeuzeAdvies Breda,/locaties/breda,redirect,the old site already redirects this to /locaties/breda/
/bussum/,other,200,722,1,StudieKeuzeAdvies Bussum,/locaties/bussum,redirect,the old site already redirects this to /locaties/bussum/
/category/,taxonomy,404,0,0,,/artikelen,redirect,
/category/blog/,taxonomy,200,1050,0,Oudergids: hoe begeleid je als ouder de studiekeuze van je kind?,/artikelen,redirect,
/category/nieuws/,taxonomy,200,773,0,Een goede balans tussen studie en vrije tijd,/artikelen,redirect,
/contact/,page,200,45,182,Neem vrijblijvend contact met ons op!,/contact,keep,the address is a page on this site now
/de-1-februariregeling/,post,200,402,3,De 1-februariregeling,/de-1-februariregeling,keep,the address is a page on this site now; the article keeps its root URL
/de-voorbereiding-op-je-nieuwe-studie-begint-nu/,post,200,417,1,De voorbereiding op je nieuwe studie begint nu,/de-voorbereiding-op-je-nieuwe-studie-begint-nu,keep,the article keeps its root URL
/de-wereld-aan-je-voeten-waarom-een-tussenjaar-soms-de-beste-studiekeuze-is/,post,200,398,1,De wereld aan je voeten: waarom een tussenjaar?,/de-wereld-aan-je-voeten-waarom-een-tussenjaar-soms-de-beste-studiekeuze-is,keep,the article keeps its root URL
/deadline-decentrale-selectie-15-januari/,post,200,505,1,Deadline decentrale selectie 15 januari,/deadline-decentrale-selectie-15-januari,keep,the article keeps its root URL
/decentrale-selectie/,post,200,829,2,Decentrale selectie,/decentrale-selectie,keep,the article keeps its root URL
/deventer-2/,page,200,723,182,StudieKeuzeAdvies Deventer,/locaties/deventer,redirect,
/dingen-die-ik-had-willen-weten-toen-ik-een-vervolgstudie-moest-kiezen/,post,200,601,1,Dingen die ik had willen weten toen ik een vervolgstudie moest kiezen,/dingen-die-ik-had-willen-weten-toen-ik-een-vervolgstudie-moest-kiezen,keep,the article keeps its root URL
/een-voltijd-deeltijd-of-een-duale-studie/,post,200,548,1,"Een voltijd, deeltijd of een duale studie",/een-voltijd-deeltijd-of-een-duale-studie,keep,the article keeps its root URL
/eerste-studiekeuze/,page,200,846,58,Eerste studiekeuze,/eerste-studiekeuze,keep,the address is a page on this site now
/eerste-studiekeuze/covers/,attachment,200,0,0,COVERS,/eerste-studiekeuze,redirect,attachment to its parent
/eerste-studiekeuze/covers2/,attachment,200,0,0,COVERS2,/eerste-studiekeuze,redirect,attachment to its parent
/eerste-studiekeuze/microsoftteams-image-2/,attachment,200,0,0,MicrosoftTeams-image,/eerste-studiekeuze,redirect,attachment to its parent
/eerste-studiekeuze/microsoftteams-image/,attachment,200,0,0,MicrosoftTeams-image,/eerste-studiekeuze,redirect,attachment to its parent
/eerste-studiekeuze/orja091-aangepast-2/,attachment,200,2,0,ORJA091 aangepast-2,/eerste-studiekeuze,redirect,attachment to its parent
/eerste-studiekeuze/qompas-logo-fc-blauw-rood-payoff/,attachment,200,10,0,Qompas Logo FC Blauw Rood Payoff,/eerste-studiekeuze,redirect,attachment to its parent
/eerste-studiekeuze/qompas-logo-rgb-blauw-rood-payoff/,attachment,200,10,0,Qompas Logo RGB Blauw Rood Payoff,/eerste-studiekeuze,redirect,attachment to its parent
/eerstejaarsstress-zo-leer-jij-je-opleiding-en-studentenstad-kennen/,post,200,561,1,Studeren zonder stress,/eerstejaarsstress-zo-leer-jij-je-opleiding-en-studentenstad-kennen,keep,the article keeps its root URL
/enschede/,other,200,725,1,StudieKeuzeAdvies Enschede,/locaties/enschede,redirect,the old site already redirects this to /locaties/enschede/
/ervaringen/,page,200,757,182,Honderden leerlingen en studenten gingen je voor!,/ervaringen,keep,the address is a page on this site now
/evaluatie-studiekeuzetraject/,page,200,2,1,,,drop,
/februari-starten-met-een-studie-voordelen-en-nadelen/,post,200,413,1,In februari starten met een studie: voordelen en nadelen,/februari-starten-met-een-studie-voordelen-en-nadelen,keep,the article keeps its root URL
/gekozen-voor-een-studie-maar-nu-slaat-de-twijfel-toe/,post,200,527,1,"Gekozen voor een studie, maar nu slaat de twijfel toe!",/gekozen-voor-een-studie-maar-nu-slaat-de-twijfel-toe,keep,the article keeps its root URL
/geld-lenen-de-regering-wil-de-rente-op-de-studieschuld-verhogen/,post,200,416,1,Geld lenen? De regering wil de rente op de studieschuld verhogen,/geld-lenen-de-regering-wil-de-rente-op-de-studieschuld-verhogen,keep,the article keeps its root URL
/geslaagd-maar-nog-geen-studie-gekozen-tussenjaar-of/,post,200,593,1,Geslaagd maar nog geen studie gekozen. Tussenjaar of alsnog een studie kiezen?,/geslaagd-maar-nog-geen-studie-gekozen-tussenjaar-of,keep,the article keeps its root URL
/gestopt-met-je-studie-blijf-niet-stilzitten/,post,200,424,1,Gestopt met je studie? Blijf niet stilzitten!,/gestopt-met-je-studie-blijf-niet-stilzitten,keep,the address is a page on this site now; the article keeps its root URL
/gestopt-met-studie/,post,200,369,1,"Gestopt met studie, een gemiste kans?",/gestopt-met-studie,keep,the article keeps its root URL
/gouda/,page,200,715,182,StudieKeuzeAdvies Gouda,/locaties/gouda,redirect,
/gratis-studiekeuzetraject/,page,200,108,1,Gratis StudieKeuzeTraject!,/studiekeuzetraject,redirect,
/groningen/,other,200,723,1,StudieKeuzeAdvies Groningen,/locaties/groningen,redirect,the old site already redirects this to /locaties/groningen/
/halvering-collegegeld/,post,200,328,1,Halvering collegegeld,/halvering-collegegeld,keep,the article keeps its root URL
/hbo-opleiding-kiezen/,page,200,441,1,Hulp bij studiekeuze hbo,/hbo-opleiding-kiezen,keep,the address is a page on this site now
/het-studentenleven-hoe-leef-je-dat/,post,200,747,1,Het studentenleven: hoe leef je dat?,/het-studentenleven-hoe-leef-je-dat,keep,the article keeps its root URL
/hoe-selecteren-opleidingen-hun-studenten/,post,200,511,1,Hoe selecteren opleidingen hun studenten?,/hoe-selecteren-opleidingen-hun-studenten,keep,the article keeps its root URL
/home/,other,200,583,1,Een goede studiekeuze maken. Lastig hè?,/,redirect,our own rule; the old site sends this to /
/home/banner/,attachment,200,0,0,banner,/,redirect,attachment to its parent
/home/boekenblauwblur/,attachment,200,0,0,boekenBlauwBlur,/,redirect,attachment to its parent
/home/college-tutor-with-student/,attachment,200,6,0,College tutor with student,/,redirect,attachment to its parent
/home/confused-student-studying-in-a-coffee-shop/,attachment,200,12,0,Confused student studying in a coffee shop,/,redirect,attachment to its parent
/home/cover-banner/,attachment,200,2,0,Cover- banner,/,redirect,attachment to its parent
/home/high-school-student-working-in-library-after-classes-using-laptop/,attachment,200,18,0,"High school student working in library after classes, using laptop",/,redirect,attachment to its parent
/home/informatics-min/,attachment,200,0,0,Informatics-min,/,redirect,attachment to its parent
/home/meisje-krullen-240x413/,attachment,200,0,0,meisje-krullen-240x413,/,redirect,attachment to its parent
/home/mockup-ska-talententest-klein/,attachment,200,6,0,Mockup SKA Talententest klein,/,redirect,attachment to its parent
/home/orja091-klein-2/,attachment,200,2,0,ORJA091 klein,/,redirect,attachment to its parent
/home/orja091_/,attachment,200,0,0,ORJA091_,/,redirect,attachment to its parent
/home/portrait-of-pretty-brunette-woman-with-long-hair/,attachment,200,14,0,Portrait Of Pretty Brunette Woman With Long Hair.,/,redirect,attachment to its parent
/home/prestatiedruk-240x413/,attachment,200,0,0,prestatiedruk-240x413,/,redirect,attachment to its parent
/home/regionblur/,attachment,200,0,0,regionBlur,/,redirect,attachment to its parent
/home/rsz_adult-business-meeting-business-people-1438072/,attachment,200,0,0,rsz_adult-business-meeting-business-people-1438072,/,redirect,attachment to its parent
/home/rsz_christin-hume-505823-unsplash/,attachment,200,0,0,rsz_christin-hume-505823-unsplash,/,redirect,attachment to its parent
/home/rsz_neonbrand-618320-unsplash/,attachment,200,0,0,rsz_neonbrand-618320-unsplash,/,redirect,attachment to its parent
/home/scholieren-kijken-elkaar-aan/,attachment,200,0,0,scholieren-kijken-elkaar-aan,/,redirect,attachment to its parent
/home/ska-banner/,attachment,200,0,0,SKA-banner,/,redirect,attachment to its parent
/home/smartheads1/,attachment,200,0,0,Smartheads1,/,redirect,attachment to its parent
/home/stocksy_txp70132e42tuf200_medium_2542961-2-3/,attachment,200,4,0,Stocksy_txp70132e42Tuf200_Medium_2542961 (2) (3),/,redirect,attachment to its parent
/home/stress-plaatje-spiegel-1/,attachment,200,6,0,stress plaatje spiegel (1),/,redirect,attachment to its parent
/home/studiekeuzeadvies1-1/,attachment,200,2,0,StudieKeuzeAdvies1 (1),/,redirect,attachment to its parent
/home/studiekeuzeadvies1/,attachment,200,0,0,StudieKeuzeAdvies1,/,redirect,attachment to its parent
/home/thinking-woman-in-front-of-blackboard-with-question-marks/,attachment,200,16,0,Thinking woman in front of blackboard with question marks,/,redirect,attachment to its parent
/home/two-students-learning-helping-each-other/,attachment,200,10,0,Two students learning helping each other,/,redirect,attachment to its parent
/introductieweek-wat-kunnen-studenten-verwachten/,post,200,392,1,Introductieweek: wat kunnen studenten verwachten?,/introductieweek-wat-kunnen-studenten-verwachten,keep,the article keeps its root URL
/its-not-a-match-nieuwe-studiekeuze-na-de-studiekeuzecheck/,post,200,398,1,It’s (not) a match: nieuwe studiekeuze na de studiekeuzecheck?,/its-not-a-match-nieuwe-studiekeuze-na-de-studiekeuzecheck,keep,the article keeps its root URL
/janneke-van-den-brand/,page,200,1129,4,Interview Studiekeuzecoach Janneke van den Brand,/studiekeuzecoaches/janneke,redirect,
/keuzegids/,page,200,123,182,Keuzegids,/studiekeuzetraject,redirect,
/keuzegids/home-keuzegids/,attachment,200,4,0,Home - Keuzegids,/studiekeuzetraject,redirect,attachment to its parent
/kosten-verkeerde-studiekeuze/,post,200,481,1,Kosten verkeerde studiekeuze,/kosten-verkeerde-studiekeuze,keep,the article keeps its root URL
/leiden/,other,200,716,1,StudieKeuzeAdvies Leiden,/locaties/leiden,redirect,the old site already redirects this to /locaties/leiden/
/locaties/,page,200,354,182,Locaties,/locaties,keep,the address is a page on this site now
/locaties/almere/,page,200,723,182,StudieKeuzeAdvies Almere,/locaties/almere,keep,the address is a page on this site now
/locaties/amersfoort/,page,200,723,182,StudieKeuzeAdvies Amersfoort,/locaties/amersfoort,keep,the address is a page on this site now
/locaties/amersfoort/mirjam-260x300/,attachment,200,0,0,Mirjam-260x300,/locaties/amersfoort,redirect,attachment to its parent
/locaties/amstelveen/,page,200,727,182,StudieKeuzeAdvies Amstelveen,/locaties/amstelveen,keep,the address is a page on this site now
/locaties/amsterdam/,page,200,980,182,StudieKeuzeAdvies Amsterdam,/locaties/amsterdam,keep,the address is a page on this site now
/locaties/amsterdam/amsterdam/,attachment,200,0,0,Amsterdam,/locaties/amsterdam,redirect,attachment to its parent
/locaties/amsterdam/img_0943/,attachment,200,0,0,IMG_0943,/locaties/amsterdam,redirect,attachment to its parent
/locaties/arnhem-2/,page,200,724,2,StudieKeuzeAdvies Arnhem,/locaties/arnhem,redirect,the old site already redirects this to /locaties/arnhem/
/locaties/arnhem/,page,200,724,182,StudieKeuzeAdvies Arnhem,/locaties/arnhem,keep,
/locaties/breda/,page,200,727,182,StudieKeuzeAdvies Breda,/locaties/breda,keep,
/locaties/breda/angelina-en-renata/,attachment,200,4,0,Angelina en Renata,/locaties/breda,redirect,attachment to its parent
/locaties/breukelen/,page,200,723,182,StudieKeuzeAdvies Breukelen,/locaties/breukelen,keep,
/locaties/bussum/,page,200,722,182,StudieKeuzeAdvies Bussum,/locaties/bussum,keep,
/locaties/bussum/img_2795/,attachment,200,0,0,IMG_2795,/locaties/bussum,redirect,attachment to its parent
/locaties/de-melkfabriek-bruinevisstraat-32-4611hj-bergen-op-zoom/,attachment,200,16,0,"De Melkfabriek – Bruinevisstraat 32, 4611HJ, Bergen op Zoom",/locaties,redirect,attachment to its parent
/locaties/den-bosch/,page,200,729,182,StudieKeuzeAdvies Den Bosch,/locaties/den-bosch,keep,the address is a page on this site now
/locaties/den-haag/,page,200,728,182,StudieKeuzeAdvies Den Haag,/locaties/den-haag,keep,
/locaties/dordrecht/,page,200,727,182,StudieKeuzeAdvies Dordrecht,/locaties/dordrecht,keep,
/locaties/eindhoven/,page,200,721,182,StudieKeuzeAdvies Eindhoven,/locaties/eindhoven,keep,the address is a page on this site now
/locaties/enschede/,page,200,725,182,StudieKeuzeAdvies Enschede,/locaties/enschede,keep,
/locaties/enschede/monique-kock/,attachment,200,2,0,Monique Kock,/locaties/enschede,redirect,attachment to its parent
/locaties/enschede/schermafbeelding-2022-02-08-om-09-30-07/,attachment,200,2,0,Coach Ansje,/locaties/enschede,redirect,attachment to its parent
/locaties/gouda/,other,200,715,2,StudieKeuzeAdvies Gouda,/locaties/gouda,keep,the new URL is the old URL; the old site already redirects this to /gouda/
/locaties/groningen/,page,200,723,182,StudieKeuzeAdvies Groningen,/locaties/groningen,keep,
/locaties/groningen/pieter-jpg/,attachment,200,2,0,Pieter JPG,/locaties/groningen,redirect,attachment to its parent
/locaties/haarlem/,page,200,723,182,StudieKeuzeAdvies Haarlem,/locaties/haarlem,keep,the address is a page on this site now
/locaties/hengelo/,page,200,732,182,StudieKeuzeAdvies Hengelo,/locaties/hengelo,keep,
/locaties/hilversum/,page,200,724,182,StudieKeuzeAdvies Hilversum,/locaties/hilversum,keep,the address is a page on this site now
/locaties/leeuwarden/,page,200,723,182,StudieKeuzeAdvies Leeuwarden,/locaties/leeuwarden,keep,
/locaties/leiden/,page,200,716,182,StudieKeuzeAdvies Leiden,/locaties/leiden,keep,
/locaties/leiden/silvia/,attachment,200,0,0,Silvia,/locaties/leiden,redirect,attachment to its parent
/locaties/logo-2/,attachment,200,0,0,logo,/locaties,redirect,attachment to its parent
/locaties/maarssen/,page,200,723,182,StudieKeuzeAdvies Maarssen,/locaties/maarssen,keep,
/locaties/maastricht/,page,200,727,182,StudieKeuzeAdvies Maastricht,/locaties/maastricht,keep,the address is a page on this site now
/locaties/maastricht/schermafbeelding-2021-10-28-om-12-04-32/,attachment,200,0,0,Aart,/locaties/maastricht,redirect,attachment to its parent
/locaties/nijmegen/,page,200,723,182,StudieKeuzeAdvies Nijmegen,/locaties/nijmegen,keep,
/locaties/oldenzaal/,page,200,723,182,StudieKeuzeAdvies Oldenzaal,/locaties/oldenzaal,keep,
/locaties/p-j-oudweg-4-1314-ch-almere/,attachment,200,10,0,"P.J. Oudweg 4, 1314 CH Almere",/locaties,redirect,attachment to its parent
/locaties/roermond/,page,200,727,182,StudieKeuzeAdvies Roermond,/locaties/roermond,keep,the address is a page on this site now
/locaties/roosendaal/,page,200,728,182,StudieKeuzeAdvies Roosendaal,/locaties/roosendaal,keep,
/locaties/roosendaal/angelina-muller-1/,attachment,200,4,0,Angelina Muller (1),/locaties/roosendaal,redirect,attachment to its parent
/locaties/rotterdam/,page,200,728,182,StudieKeuzeAdvies Rotterdam,/locaties/rotterdam,keep,
/locaties/singel-331-3311-hl-dordrecht/,attachment,200,8,0,"Singel 331, 3311 HL Dordrecht",/locaties,redirect,attachment to its parent
/locaties/sittard/,page,200,727,182,Studiekeuzeadvies Sittard,/locaties/sittard-geleen,redirect,
/locaties/sittard/lisa-2/,attachment,200,2,0,Lisa 2,/locaties/sittard-geleen,redirect,attachment to its parent
/locaties/student-getting-help-from-tutor-in-library/,attachment,200,12,0,Student getting help from tutor in library,/locaties,redirect,attachment to its parent
/locaties/studiekeuzeadvies-apeldoorn/,page,200,723,182,StudieKeuzeAdvies Apeldoorn,/locaties/apeldoorn,redirect,
/locaties/tilburg/,page,200,723,182,StudieKeuzeAdvies Tilburg,/locaties/tilburg,keep,the address is a page on this site now
/locaties/utrecht/,page,200,726,182,StudieKeuzeAdvies Utrecht,/locaties/utrecht,keep,the address is a page on this site now
/locaties/utrecht/b-m/,attachment,200,4,0,B & M,/locaties/utrecht,redirect,attachment to its parent
/locaties/utrechtseweg-7-3811-na-amersfoort/,attachment,200,8,0,"Utrechtseweg 7, 3811 NA Amersfoort",/locaties,redirect,attachment to its parent
/locaties/van-baerlestraat-13-1071-al-amsterdam/,attachment,200,10,0,"Van Baerlestraat 13, 1071 AL Amsterdam",/locaties,redirect,attachment to its parent
/locaties/vught/,page,200,723,182,StudieKeuzeAdvies Vught,/locaties/vught,keep,the address is a page on this site now
/locaties/wassenaar/,page,200,723,182,StudieKeuzeAdvies Wassenaar,/locaties/wassenaar,keep,
/locaties/wassenaar/download-14/,attachment,200,2,0,Mahlia SKA,/locaties/wassenaar,redirect,attachment to its parent
/locaties/wassenaar/silvia-200x300/,attachment,200,0,0,Silvia-200x300,/locaties/wassenaar,redirect,attachment to its parent
/locaties/zwolle/,page,200,724,182,StudieKeuzeAdvies Zwolle,/locaties/zwolle,keep,
/locaties/zwolle/ilse-froukje/,attachment,200,4,0,Ilse & Froukje,/locaties/zwolle,redirect,attachment to its parent
/locaties/zwolle/ilse-van-den-belt/,attachment,200,6,0,Ilse van den Belt,/locaties/zwolle,redirect,attachment to its parent
/maastricht/,other,200,727,1,StudieKeuzeAdvies Maastricht,/locaties/maastricht,redirect,the old site already redirects this to /locaties/maastricht/
/matching-wat-moet-je-weten/,post,200,414,1,Matching: wat moet je weten?,/matching-wat-moet-je-weten,keep,the article keeps its root URL
/mbo-hbo-of-wo-je-kunt-alle-kanten-op/,post,200,1315,3,"Mbo, hbo of wo? Je kunt alle kanten op!",/mbo-hbo-of-wo-je-kunt-alle-kanten-op,keep,the article keeps its root URL
/mbo-opleiding-kiezen/,page,200,408,1,Hulp bij studiekeuze mbo,/mbo-opleiding-kiezen,keep,the address is a page on this site now
/mbo-opleidingen-beperkt-aantal-plaatsen/,post,200,437,1,Mbo-opleidingen beperkt aantal plaatsen,/mbo-opleidingen-beperkt-aantal-plaatsen,keep,the article keeps its root URL
/merk/keuzegids/,taxonomy,200,0,0,StudieKeuzeAdvies,/tarieven,redirect,shop taxonomy; revisit with the price decision
/merk/qompas/,taxonomy,200,0,0,StudieKeuzeAdvies,/tarieven,redirect,shop taxonomy; revisit with the price decision
/merk/studiekeuzeadvies/,taxonomy,200,0,0,StudieKeuzeAdvies,/tarieven,redirect,shop taxonomy; revisit with the price decision
/mijn-account/,shop,200,3,182,Mijn account,/tarieven,redirect,the price decision is open
/mijn-account/lost-password/,shop,200,2,2,Mijn account,/tarieven,redirect,the price decision is open
/mijn-studie-is-niet-leuk-wat-nu/,post,200,509,2,"Mijn studie is niet leuk, wat nu?",/mijn-studie-is-niet-leuk-wat-nu,keep,the article keeps its root URL
/mijn-studie-is-te-moeilijk-voor-mij/,post,200,605,1,Mijn studie is te moeilijk voor mij…,/mijn-studie-is-te-moeilijk-voor-mij,keep,the article keeps its root URL
/numerus-fixus-in-het-mbo/,post,200,539,2,Numerus fixus in het mbo,/numerus-fixus-in-het-mbo,keep,the article keeps its root URL
/online-studiekeuzeadvies/,page,200,624,1,Online StudieKeuzeAdvies,/studiekeuzetraject,redirect,
/online-studiekeuzeadvies/orja091-2-1/,attachment,200,2,0,ORJA091-2 (1),/studiekeuzetraject,redirect,attachment to its parent
/online-studiekeuzeadvies/orja091-2-2/,attachment,200,0,0,ORJA091-2,/studiekeuzetraject,redirect,attachment to its parent
/online-studiekeuzeadvies/orja091-2/,attachment,200,0,0,ORJA091-2,/studiekeuzetraject,redirect,attachment to its parent
/online-studiekeuzeadvies/orja091-klein/,attachment,200,2,0,ORJA091 klein,/studiekeuzetraject,redirect,attachment to its parent
/onze-diensten-en-producten/,page,200,675,182,Studiekeuzeadviestraject,/tarieven,redirect,
/onze-diensten-en-producten/meisje-krullen-270x767/,attachment,200,3,0,meisje-krullen-270x767,/tarieven,redirect,attachment to its parent
/onze-diensten-en-producten/meisje-schrijft-met-potlood-in-schrift/,attachment,200,0,0,meisje-schrijft-met-potlood-in-schrift,/tarieven,redirect,attachment to its parent
/onze-diensten-en-producten/shutterstock_1498298075-1/,attachment,200,2,0,shutterstock_1498298075 (1),/tarieven,redirect,attachment to its parent
/onze-methode/,page,200,687,182,Hoe helpen we bij jouw studiekeuze?,/onze-methode,rebuild,
/onze-methode/pattern-2/,attachment,200,0,0,pattern-2,/onze-methode,redirect,attachment to its parent
/onze-methode/scholieren-kijken-elkaar-aan-c/,attachment,200,0,0,scholieren-kijken-elkaar-aan-c,/onze-methode,redirect,attachment to its parent
/onze-methode/talentfocus-keuzegids/,page,200,312,1,Talentfocus en Keuzegids,/onze-methode,redirect,
/op-kamers-gaan-of-niet/,post,200,694,1,Op kamers gaan of niet?,/op-kamers-gaan-of-niet,keep,the article keeps its root URL
/opnieuw-een-studiekeuze-maken/,page,200,636,1,,/verkeerde-studiekeuze,redirect,
/opnieuw-een-studiekeuze-maken/meisje-met-koptelefoon-en-rugzak/,attachment,200,0,0,meisje-met-koptelefoon-en-rugzak,/verkeerde-studiekeuze,redirect,attachment to its parent
/oudergids-hoe-begeleid-je-als-ouder-de-studiekeuze-van-je-kind/,post,200,1050,3,Oudergids: hoe begeleid je als ouder de studiekeuze van je kind?,/oudergids-hoe-begeleid-je-als-ouder-de-studiekeuze-van-je-kind,keep,the article keeps its root URL
/over-ons/,page,200,301,2,Wie zijn wij?,/over-ons,keep,the address is a page on this site now
/over-ons/two-students-doing-homework-at-home-2/,attachment,200,10,0,Two students doing homework at home,/over-ons,redirect,attachment to its parent
/over-ons/veelgestelde-vragen/,page,200,380,182,Vragen of advies nodig?,/veelgestelde-vragen,redirect,
/product-categorie/,taxonomy,404,0,0,,/tarieven,redirect,shop taxonomy; revisit with the price decision
/product-categorie/hbo-wo/,taxonomy,200,58,0,HBO/WO,/tarieven,redirect,shop taxonomy; revisit with the price decision
/product-categorie/mbo/,taxonomy,200,58,0,MBO,/tarieven,redirect,shop taxonomy; revisit with the price decision
/product-categorie/testen-met-gesprek/,taxonomy,200,34,0,Testen met gesprek,/tarieven,redirect,shop taxonomy; revisit with the price decision
/product-categorie/testen-zonder-gesprek/,taxonomy,200,34,0,Testen zonder gesprek,/tarieven,redirect,shop taxonomy; revisit with the price decision
/product-categorie/traject-zonder-gesprekken/,taxonomy,200,64,0,traject zonder gesprekken,/tarieven,redirect,shop taxonomy; revisit with the price decision
/product-tag/,taxonomy,404,0,0,,/tarieven,redirect,shop taxonomy; revisit with the price decision
/product-tag/hbo-wo/,taxonomy,200,58,0,HBO/WO,/tarieven,redirect,shop taxonomy; revisit with the price decision
/product-tag/mbo/,taxonomy,200,58,0,MBO,/tarieven,redirect,shop taxonomy; revisit with the price decision
/product-tag/testen-met-gesprek/,taxonomy,200,34,0,Testen met gesprek,/tarieven,redirect,shop taxonomy; revisit with the price decision
/product-tag/testen-zonder-gesprek/,taxonomy,200,34,0,Testen zonder gesprek,/tarieven,redirect,shop taxonomy; revisit with the price decision
/product-tag/traject-zonder-gesprekken/,taxonomy,200,64,0,Traject zonder gesprekken,/tarieven,redirect,shop taxonomy; revisit with the price decision
/product/,product,404,0,8,,/tarieven,redirect,the price decision is open
/product/studiekeuzeadvies-keuzecheck-hbo-wo-met-gesprek/,product,200,101,3,Studiekeuzeadvies Keuzecheck HBO/WO met gesprek,/tarieven,redirect,the price decision is open
/product/studiekeuzeadvies-keuzecheck-hbo-wo-zonder-gesprek/,product,200,90,3,Studiekeuzeadvies Keuzecheck HBO/WO zonder gesprek,/tarieven,redirect,the price decision is open
/product/studiekeuzeadvies-keuzecheck-mbo-met-gesprek/,product,200,101,3,Studiekeuzeadvies Keuzecheck MBO met gesprek,/tarieven,redirect,the price decision is open
/product/studiekeuzeadvies-keuzecheck-mbo-zonder-gesprek/,product,200,90,3,Studiekeuzeadvies Keuzecheck MBO zonder gesprek,/tarieven,redirect,the price decision is open
/product/studiekeuzeadvies-traject-hbo-wo-zonder-gesprekken-opnieuw-kiezer/,product,200,143,3,Studiekeuzeadvies traject HBO/WO zonder gesprekken Opnieuw kiezer!,/tarieven,redirect,the price decision is open
/product/studiekeuzeadvies-traject-hbo-wo-zonder-gesprekken/,product,200,122,3,Studiekeuzeadvies traject HBO/WO zonder gesprekken,/tarieven,redirect,the price decision is open
/product/studiekeuzeadvies-traject-mbo-zonder-gesprekken-opnieuw-kiezer/,product,200,143,3,Studiekeuzeadvies traject MBO zonder gesprekken Opnieuw kiezer!,/tarieven,redirect,the price decision is open
/product/studiekeuzeadvies-traject-mbo-zonder-gesprekken/,product,200,122,3,Studiekeuzeadvies traject MBO zonder gesprekken,/tarieven,redirect,the price decision is open
/quiz-bedrijfskunde-management-economie/,dead,404,0,1,,,drop,already 404 on the old site
/quiz-communicatie-cultuur-en-kunst/,dead,404,0,1,,,drop,already 404 on the old site
/quiz-gedrag-onderwijs-en-opvoeding/,dead,404,0,1,,,drop,already 404 on the old site
/quiz-gezondheid-aarde-en-milieu/,page,200,5,2,,,drop,
/quiz-recht-bestuur-maatschappij/,page,200,5,2,,,drop,
/quiz-techniek/,page,200,5,2,,,drop,
/quiz/,page,200,30,1,Hbo-voorlichtingspresentatie,,drop,
/roosendaal/,other,200,728,1,StudieKeuzeAdvies Roosendaal,/locaties/roosendaal,redirect,the old site already redirects this to /locaties/roosendaal/
/sittard/,other,200,727,1,Studiekeuzeadvies Sittard,/locaties/sittard-geleen,redirect,the old site already redirects this to /locaties/sittard/
/spoedcursus-studeren-1-wat-je-moet-weten-voor-je-gaat-studeren/,post,200,448,1,Spoedcursus studeren 1: Wat je moet weten vóór je gaat studeren,/spoedcursus-studeren-1-wat-je-moet-weten-voor-je-gaat-studeren,keep,the article keeps its root URL
/spoedcursus-studeren-2-voorbereiden-op-je-studie/,post,200,550,1,Spoedcursus studeren 2: Voorbereiden op je studie,/spoedcursus-studeren-2-voorbereiden-op-je-studie,keep,the article keeps its root URL
/spoedcursus-studeren-3-hoe-zit-een-studie-in-elkaar/,post,200,866,1,Spoedcursus studeren 3: Hoe zit een studie in elkaar?,/spoedcursus-studeren-3-hoe-zit-een-studie-in-elkaar,keep,the article keeps its root URL
/spoedcursus-studeren-4-eigen-verantwoordelijkheid/,post,200,781,1,Spoedcursus studeren 4: Eigen verantwoordelijkheid,/spoedcursus-studeren-4-eigen-verantwoordelijkheid,keep,the article keeps its root URL
/stedelijkgymnasium/,page,200,0,1,Inschrijfformulier,,drop,
/stoppen-met-studeren-wat-moet-je-regelen/,post,200,416,1,Stoppen met studeren: wat moet je regelen?,/stoppen-met-studeren-wat-moet-je-regelen,keep,the article keeps its root URL
/stoppen-voor-1-februari-studieschuld/,post,200,300,1,Stoppen voor 1 februari,/stoppen-voor-1-februari-studieschuld,keep,the article keeps its root URL
/studeren-in-belgie/,post,200,421,1,Studeren in Belgie,/studeren-in-belgie,keep,the article keeps its root URL
/studeren-in-het-buitenland/,post,200,566,1,Studeren in het buitenland?,/studeren-in-het-buitenland,keep,the article keeps its root URL
/studeren-tegenvallers-twijfels-doorzettingsvermogen/,post,200,689,1,"Studeren: tegenvallers, twijfels en doorzettingsvermogen",/studeren-tegenvallers-twijfels-doorzettingsvermogen,keep,the article keeps its root URL
/studie-baankansen-startsalaris/,post,200,535,1,Mijn studie: hoe zit het met baankansen en startsalaris?,/studie-baankansen-startsalaris,keep,the article keeps its root URL
/studie-kiezen-ga-je-voor-leuk-of-nuttig/,post,200,520,1,Studie kiezen: ga je voor leuk of nuttig?,/studie-kiezen-ga-je-voor-leuk-of-nuttig,keep,the article keeps its root URL
/studiefinanciering-in-het-leenstelsel-hoe-zit-het/,post,200,439,1,Studiefinanciering in het leenstelsel: hoe zit het?,/studiefinanciering-in-het-leenstelsel-hoe-zit-het,keep,the article keeps its root URL
/studiekeuze-met-add-adhd/,page,200,561,1,ADHD of ADD en Beroepskeuze,/studiekeuze-met-add-adhd,keep,the address is a page on this site now
/studiekeuze-met-add-adhd/studiekeuze-add-adhd/,attachment,200,6,0,studiekeuze ADD - ADHD,/studiekeuze-met-add-adhd,redirect,attachment to its parent
/studiekeuze-tarieven-2/,page,200,2,1,Tarieven,/tarieven,redirect,
/studiekeuze-traject/,page,200,332,1,StudieKeuze Traject,/studiekeuzetraject,redirect,
/studiekeuze-wacht-niet-te-lang-met-de-voorbereiding/,post,200,655,1,Studiekeuze? Wacht niet te lang met de voorbereiding!,/studiekeuze-wacht-niet-te-lang-met-de-voorbereiding,keep,the article keeps its root URL
/studiekeuze/,other,200,561,2,ADHD of ADD en Beroepskeuze,/studiekeuze-met-add-adhd,redirect,the old site already redirects this to /studiekeuze-met-add-adhd/
/studiekeuzecheck-is-motivatie/,post,200,436,1,Studiekeuzecheck: wat is jouw motivatie?,/studiekeuzecheck-is-motivatie,keep,the article keeps its root URL
/studiekeuzecoaches/,page,200,3313,182,Leer onze studiekeuzecoaches kennen!,/studiekeuzecoaches,keep,the address is a page on this site now
/studiekeuzecoaches/171024-004-2/,attachment,200,0,0,171024-004-2,/studiekeuzecoaches,redirect,attachment to its parent
/studiekeuzecoaches/afbeelding1/,attachment,200,0,0,Afbeelding1,/studiekeuzecoaches,redirect,attachment to its parent
/studiekeuzecoaches/alicia-2-2/,attachment,200,2,0,Alicia 2,/studiekeuzecoaches,redirect,attachment to its parent
/studiekeuzecoaches/astrid/,attachment,200,0,0,Astrid,/studiekeuzecoaches,redirect,attachment to its parent
/studiekeuzecoaches/charlie-ramsaran/,attachment,200,2,0,Charlie Ramsaran,/studiekeuzecoaches,redirect,attachment to its parent
/studiekeuzecoaches/christel-jpg/,attachment,200,0,0,Christel.JPG,/studiekeuzecoaches,redirect,attachment to its parent
/studiekeuzecoaches/christel-kerssens/,attachment,200,2,0,Christel Kerssens,/studiekeuzecoaches,redirect,attachment to its parent
/studiekeuzecoaches/coach-angelina/,attachment,200,2,0,Coach Angelina,/studiekeuzecoaches,redirect,attachment to its parent
/studiekeuzecoaches/coach-barbara-2/,attachment,200,2,0,Coach Barbara-2,/studiekeuzecoaches,redirect,attachment to its parent
/studiekeuzecoaches/coach-barbara/,attachment,200,2,0,Coach Barbara,/studiekeuzecoaches,redirect,attachment to its parent
/studiekeuzecoaches/coach-christel-2/,attachment,200,2,0,Coach Christel,/studiekeuzecoaches,redirect,attachment to its parent
/studiekeuzecoaches/coach-christel/,attachment,200,2,0,Coach Christel,/studiekeuzecoaches,redirect,attachment to its parent
/studiekeuzecoaches/coach-froukje-2-0/,attachment,200,4,0,Coach Froukje 2.0,/studiekeuzecoaches,redirect,attachment to its parent
/studiekeuzecoaches/coach-froukje/,attachment,200,2,0,Coach Froukje,/studiekeuzecoaches,redirect,attachment to its parent
/studiekeuzecoaches/coach-gabrielle/,attachment,200,2,0,Coach Gabriëlle,/studiekeuzecoaches,redirect,attachment to its parent
/studiekeuzecoaches/coach-laura/,attachment,200,2,0,Coach Laura,/studiekeuzecoaches,redirect,attachment to its parent
/studiekeuzecoaches/coach-madeleine/,attachment,200,2,0,Coach Madeleine,/studiekeuzecoaches,redirect,attachment to its parent
/studiekeuzecoaches/coach-melissa/,attachment,200,2,0,Coach Melissa,/studiekeuzecoaches,redirect,attachment to its parent
/studiekeuzecoaches/coach-patricia-v/,attachment,200,4,0,Coach Patricia V.,/studiekeuzecoaches,redirect,attachment to its parent
/studiekeuzecoaches/coach-patty-2-2/,attachment,200,2,0,Coach Patty-2,/studiekeuzecoaches,redirect,attachment to its parent
/studiekeuzecoaches/coach-patty-2/,attachment,200,2,0,Coach Patty-2,/studiekeuzecoaches,redirect,attachment to its parent
/studiekeuzecoaches/coach-renata-1/,attachment,200,4,0,Coach Renata (1),/studiekeuzecoaches,redirect,attachment to its parent
/studiekeuzecoaches/download-15/,attachment,200,0,0,Daphne,/studiekeuzecoaches,redirect,attachment to its parent
/studiekeuzecoaches/fabienne-2/,attachment,200,0,0,Fabienne.2,/studiekeuzecoaches,redirect,attachment to its parent
/studiekeuzecoaches/floris/,attachment,200,0,0,Floris,/studiekeuzecoaches,redirect,attachment to its parent
/studiekeuzecoaches/foto-zwart-wit/,attachment,200,4,0,foto zwart wit,/studiekeuzecoaches,redirect,attachment to its parent
/studiekeuzecoaches/francine-coach-rotterdam/,attachment,200,6,0,Francine - Coach Rotterdam,/studiekeuzecoaches,redirect,attachment to its parent
/studiekeuzecoaches/hester-2/,attachment,200,0,0,hester.2,/studiekeuzecoaches,redirect,attachment to its parent
/studiekeuzecoaches/ilse-marijn/,attachment,200,2,0,Ilse Marijn,/studiekeuzecoaches,redirect,attachment to its parent
/studiekeuzecoaches/img_27951/,attachment,200,0,0,IMG_27951,/studiekeuzecoaches,redirect,attachment to its parent
/studiekeuzecoaches/jamie-van-aert-2/,attachment,200,4,0,Jamie van Aert.2,/studiekeuzecoaches,redirect,attachment to its parent
/studiekeuzecoaches/janneke/,attachment,200,0,0,Janneke,/studiekeuzecoaches/janneke,keep,the address is a page on this site now; attachment to its parent
/studiekeuzecoaches/jessica-wolter-2/,attachment,200,2,0,Jessica Wolter,/studiekeuzecoaches,redirect,attachment to its parent
/studiekeuzecoaches/jessica-wolter/,attachment,200,2,0,Jessica Wolter,/studiekeuzecoaches,redirect,attachment to its parent
/studiekeuzecoaches/josette/,attachment,200,0,0,Josette,/studiekeuzecoaches,redirect,attachment to its parent
/studiekeuzecoaches/kc-almere/,attachment,200,0,0,kc-almere,/studiekeuzecoaches,redirect,attachment to its parent
/studiekeuzecoaches/kc-amsterdam/,attachment,200,0,0,kc-amsterdam,/studiekeuzecoaches,redirect,attachment to its parent
/studiekeuzecoaches/kc-breda/,attachment,200,0,0,kc-breda,/studiekeuzecoaches,redirect,attachment to its parent
/studiekeuzecoaches/kc-den-haag/,attachment,200,0,0,kc-den-haag,/studiekeuzecoaches,redirect,attachment to its parent
/studiekeuzecoaches/kc-eindhoven/,attachment,200,0,0,kc-eindhoven,/studiekeuzecoaches,redirect,attachment to its parent
/studiekeuzecoaches/kc-enschede/,attachment,200,0,0,kc-enschede,/studiekeuzecoaches,redirect,attachment to its parent
/studiekeuzecoaches/kc-groningen/,attachment,200,0,0,kc-groningen,/studiekeuzecoaches,redirect,attachment to its parent
/studiekeuzecoaches/kc-leeuwarden/,attachment,200,0,0,kc-leeuwarden,/studiekeuzecoaches,redirect,attachment to its parent
/studiekeuzecoaches/kc-leiden/,attachment,200,0,0,kc-leiden,/studiekeuzecoaches,redirect,attachment to its parent
/studiekeuzecoaches/kc-maastricht/,attachment,200,0,0,kc-maastricht,/studiekeuzecoaches,redirect,attachment to its parent
/studiekeuzecoaches/kc-nijmegen/,attachment,200,0,0,kc-nijmegen,/studiekeuzecoaches,redirect,attachment to its parent
/studiekeuzecoaches/kc-rotterdam/,attachment,200,0,0,kc-rotterdam,/studiekeuzecoaches,redirect,attachment to its parent
/studiekeuzecoaches/kc-utrecht/,attachment,200,0,0,kc-utrecht,/studiekeuzecoaches,redirect,attachment to its parent
/studiekeuzecoaches/kc-zwolle/,attachment,200,0,0,kc-zwolle,/studiekeuzecoaches,redirect,attachment to its parent
/studiekeuzecoaches/kelly-brick/,attachment,200,2,0,kelly brick,/studiekeuzecoaches,redirect,attachment to its parent
/studiekeuzecoaches/kim-ter-horst-2/,attachment,200,4,0,Kim Ter Horst,/studiekeuzecoaches,redirect,attachment to its parent
/studiekeuzecoaches/kleiner-ska/,attachment,200,2,0,kleiner ska,/studiekeuzecoaches,redirect,attachment to its parent
/studiekeuzecoaches/laura-coach-tilburg/,attachment,200,6,0,Laura - Coach Tilburg,/studiekeuzecoaches,redirect,attachment to its parent
/studiekeuzecoaches/laura-wierda/,attachment,200,2,0,Laura Wierda,/studiekeuzecoaches,redirect,attachment to its parent
/studiekeuzecoaches/lieke-coach-utrecht-amersfoort-hilversum-min/,attachment,200,10,0,"Lieke - Coach Utrecht, Amersfoort, Hilversum",/studiekeuzecoaches,redirect,attachment to its parent
/studiekeuzecoaches/liesbeth-brocken/,attachment,200,2,0,Liesbeth Brocken,/studiekeuzecoaches,redirect,attachment to its parent
/studiekeuzecoaches/lisa-2-2/,attachment,200,2,0,Lisa 2,/studiekeuzecoaches,redirect,attachment to its parent
/studiekeuzecoaches/lyceo-foto/,attachment,200,2,0,Lyceo foto,/studiekeuzecoaches,redirect,attachment to its parent
/studiekeuzecoaches/maryvonne/,attachment,200,0,0,Maryvonne,/studiekeuzecoaches,redirect,attachment to its parent
/studiekeuzecoaches/merel-musa-2/,attachment,200,2,0,Merel Musa,/studiekeuzecoaches,redirect,attachment to its parent
/studiekeuzecoaches/merel-musa/,attachment,200,2,0,Merel Musa,/studiekeuzecoaches,redirect,attachment to its parent
/studiekeuzecoaches/mirjam-schmidt-erftemeijer-2/,attachment,200,2,0,Mirjam Schmidt-Erftemeijer,/studiekeuzecoaches,redirect,attachment to its parent
/studiekeuzecoaches/mirjam-schmidt-erftemeijer/,attachment,200,2,0,Mirjam Schmidt-Erftemeijer,/studiekeuzecoaches,redirect,attachment to its parent
/studiekeuzecoaches/mirjam/,attachment,200,0,0,Mirjam,/studiekeuzecoaches/mirjam,keep,the address is a page on this site now; attachment to its parent
/studiekeuzecoaches/mirren-coach-utrecht-hilversum-amersfoort/,attachment,200,10,0,"Mirren - Coach Utrecht, Hilversum, Amersfoort",/studiekeuzecoaches,redirect,attachment to its parent
/studiekeuzecoaches/myrthe/,attachment,200,0,0,Myrthe,/studiekeuzecoaches,redirect,attachment to its parent
/studiekeuzecoaches/new-project-10/,attachment,200,4,0,New Project (10),/studiekeuzecoaches,redirect,attachment to its parent
/studiekeuzecoaches/new-project-11/,attachment,200,4,0,New Project (11),/studiekeuzecoaches,redirect,attachment to its parent
/studiekeuzecoaches/new-project-12/,attachment,200,4,0,New Project (12),/studiekeuzecoaches,redirect,attachment to its parent
/studiekeuzecoaches/new-project-13/,attachment,200,4,0,New Project (13),/studiekeuzecoaches,redirect,attachment to its parent
/studiekeuzecoaches/new-project-14/,attachment,200,4,0,New Project (14),/studiekeuzecoaches,redirect,attachment to its parent
/studiekeuzecoaches/new-project-15/,attachment,200,4,0,New Project (15),/studiekeuzecoaches,redirect,attachment to its parent
/studiekeuzecoaches/new-project-2/,attachment,200,4,0,New Project (2),/studiekeuzecoaches,redirect,attachment to its parent
/studiekeuzecoaches/new-project-3-2/,attachment,200,4,0,New Project (3),/studiekeuzecoaches,redirect,attachment to its parent
/studiekeuzecoaches/new-project-3/,attachment,200,4,0,New Project (3),/studiekeuzecoaches,redirect,attachment to its parent
/studiekeuzecoaches/new-project-4-2/,attachment,200,4,0,New Project (4),/studiekeuzecoaches,redirect,attachment to its parent
/studiekeuzecoaches/new-project-4-3/,attachment,200,4,0,New Project (4),/studiekeuzecoaches,redirect,attachment to its parent
/studiekeuzecoaches/new-project-4/,attachment,200,4,0,New Project (4),/studiekeuzecoaches,redirect,attachment to its parent
/studiekeuzecoaches/new-project-5/,attachment,200,4,0,New Project (5),/studiekeuzecoaches,redirect,attachment to its parent
/studiekeuzecoaches/new-project-6-2/,attachment,200,4,0,New Project (6),/studiekeuzecoaches,redirect,attachment to its parent
/studiekeuzecoaches/new-project-6/,attachment,200,4,0,New Project (6),/studiekeuzecoaches,redirect,attachment to its parent
/studiekeuzecoaches/new-project-7/,attachment,200,4,0,New Project (7),/studiekeuzecoaches,redirect,attachment to its parent
/studiekeuzecoaches/new-project-8/,attachment,200,4,0,New Project (8),/studiekeuzecoaches,redirect,attachment to its parent
/studiekeuzecoaches/new-project-9/,attachment,200,4,0,New Project (9),/studiekeuzecoaches,redirect,attachment to its parent
/studiekeuzecoaches/new-project/,attachment,200,2,0,New Project,/studiekeuzecoaches,redirect,attachment to its parent
/studiekeuzecoaches/peggy/,attachment,200,0,0,Peggy,/studiekeuzecoaches,redirect,attachment to its parent
/studiekeuzecoaches/portret-astrid/,attachment,200,2,0,Portret Astrid,/studiekeuzecoaches,redirect,attachment to its parent
/studiekeuzecoaches/processed-with-vsco-with-b1-preset/,attachment,200,10,0,Processed with VSCO with b1 preset,/studiekeuzecoaches,redirect,attachment to its parent
/studiekeuzecoaches/processed-with-vsco-with-b5-preset-2/,attachment,200,10,0,Processed with VSCO with b5 preset,/studiekeuzecoaches,redirect,attachment to its parent
/studiekeuzecoaches/processed-with-vsco-with-b5-preset-3/,attachment,200,10,0,Processed with VSCO with b5 preset,/studiekeuzecoaches,redirect,attachment to its parent
/studiekeuzecoaches/processed-with-vsco-with-b5-preset-4/,attachment,200,10,0,Processed with VSCO with b5 preset,/studiekeuzecoaches,redirect,attachment to its parent
/studiekeuzecoaches/processed-with-vsco-with-b5-preset-5/,attachment,200,10,0,Processed with VSCO with b5 preset,/studiekeuzecoaches,redirect,attachment to its parent
/studiekeuzecoaches/processed-with-vsco-with-b5-preset-6/,attachment,200,10,0,Processed with VSCO with b5 preset,/studiekeuzecoaches,redirect,attachment to its parent
/studiekeuzecoaches/processed-with-vsco-with-b5-preset-7/,attachment,200,10,0,Processed with VSCO with b5 preset,/studiekeuzecoaches,redirect,attachment to its parent
/studiekeuzecoaches/processed-with-vsco-with-b5-preset/,attachment,200,10,0,Processed with VSCO with b5 preset,/studiekeuzecoaches,redirect,attachment to its parent
/studiekeuzecoaches/profielfoto-1/,attachment,200,2,0,Profielfoto (1),/studiekeuzecoaches,redirect,attachment to its parent
/studiekeuzecoaches/rowan/,attachment,200,0,0,Rowan,/studiekeuzecoaches,redirect,attachment to its parent
/studiekeuzecoaches/rsz_christel_kerssens/,attachment,200,0,0,rsz_christel_kerssens,/studiekeuzecoaches,redirect,attachment to its parent
/studiekeuzecoaches/ruth-noordzij/,attachment,200,2,0,Ruth Noordzij,/studiekeuzecoaches,redirect,attachment to its parent
/studiekeuzecoaches/schermafbeelding-2021-10-28-om-11-34-29/,attachment,200,0,0,Ilse-Marijn,/studiekeuzecoaches,redirect,attachment to its parent
/studiekeuzecoaches/selina/,attachment,200,0,0,Selina,/studiekeuzecoaches,redirect,attachment to its parent
/studiekeuzecoaches/sem-ska/,attachment,200,2,0,Sem SKA,/studiekeuzecoaches,redirect,attachment to its parent
/studiekeuzecoaches/trinke/,attachment,200,0,0,Trinke,/studiekeuzecoaches,redirect,attachment to its parent
/studiekeuzecoaches/zw-foto-tamara/,attachment,200,4,0,ZW foto Tamara,/studiekeuzecoaches,redirect,attachment to its parent
/studiekeuzetest/,page,200,408,1,Meer dan een studiekeuzetest,/studiekeuzetraject,redirect,
/studiekeuzetraject/,page,200,1169,182,Een goede studiekeuze maken: kiezen voor het leven?,/studiekeuzetraject,keep,the address is a page on this site now
/studiekeuzetraject/opzet-1-v1/,attachment,200,6,0,Opzet 1 - V1,/studiekeuzetraject,redirect,attachment to its parent
/studiekeuzetraject/rawpixel-577482-unsplash/,attachment,200,0,0,rawpixel-577482-unsplash,/studiekeuzetraject,redirect,attachment to its parent
/studiekeuzetraject/rsz_neonbrand-618320-unsplash-2/,attachment,200,0,0,rsz_neonbrand-618320-unsplash,/studiekeuzetraject,redirect,attachment to its parent
/studiekeuzetraject/stressed-schoolgirl-studying-in-classroom/,attachment,200,8,0,Stressed Schoolgirl Studying In Classroom,/studiekeuzetraject,redirect,attachment to its parent
/studiekeuzetraject/tim-gouw-68319-unsplash/,attachment,200,0,0,tim-gouw-68319-unsplash,/studiekeuzetraject,redirect,attachment to its parent
/studies-en-baankansen/,post,200,438,1,Studies en baankansen,/studies-en-baankansen,keep,the article keeps its root URL
/switchen-van-studie/,post,200,378,1,Switchen van studie,/switchen-van-studie,keep,the article keeps its root URL
/tag/,tag,404,0,0,,/artikelen,redirect,the tag pages collapse into the hub
/tag/1-mei/,tag,200,1068,0,Inschrijven,/artikelen,redirect,the tag pages collapse into the hub
/tag/afweging/,tag,200,520,0,Studie kiezen: ga je voor leuk of nuttig?,/artikelen,redirect,the tag pages collapse into the hub
/tag/baankansen/,tag,200,535,0,Mijn studie: hoe zit het met baankansen en startsalaris?,/artikelen,redirect,the tag pages collapse into the hub
/tag/begindatum/,tag,200,413,0,In februari starten met een studie: voordelen en nadelen,/artikelen,redirect,the tag pages collapse into the hub
/tag/belgie/,tag,200,421,0,Studeren in Belgie,/artikelen,redirect,the tag pages collapse into the hub
/tag/beperkt-plaatsen/,tag,200,437,0,Mbo-opleidingen beperkt aantal plaatsen,/artikelen,redirect,the tag pages collapse into the hub
/tag/beurs/,tag,200,300,0,Stoppen voor 1 februari,/artikelen,redirect,the tag pages collapse into the hub
/tag/bindend-studieadvies/,tag,200,415,0,Bindend studieadvies: wat moet je weten?,/artikelen,redirect,the tag pages collapse into the hub
/tag/buitenland/,tag,200,566,0,Studeren in het buitenland?,/artikelen,redirect,the tag pages collapse into the hub
/tag/centrale-loting/,tag,200,829,0,Decentrale selectie,/artikelen,redirect,the tag pages collapse into the hub
/tag/deadline/,tag,200,655,0,Studiekeuze? Wacht niet te lang met de voorbereiding!,/artikelen,redirect,the tag pages collapse into the hub
/tag/decentrale-loting/,tag,200,829,0,Decentrale selectie,/artikelen,redirect,the tag pages collapse into the hub
/tag/decentrale-selectie/,tag,200,511,0,Hoe selecteren opleidingen hun studenten?,/artikelen,redirect,the tag pages collapse into the hub
/tag/deeltijd/,tag,200,548,0,"Een voltijd, deeltijd of een duale studie",/artikelen,redirect,the tag pages collapse into the hub
/tag/duaal/,tag,200,548,0,"Een voltijd, deeltijd of een duale studie",/artikelen,redirect,the tag pages collapse into the hub
/tag/duo/,tag,200,617,0,Uitschrijven bij je studie voor 1 februari,/artikelen,redirect,the tag pages collapse into the hub
/tag/eerstejaarsstress/,tag,200,561,0,Studeren zonder stress,/artikelen,redirect,the tag pages collapse into the hub
/tag/februari/,tag,200,413,0,In februari starten met een studie: voordelen en nadelen,/artikelen,redirect,the tag pages collapse into the hub
/tag/geen-match/,tag,200,398,0,It’s (not) a match: nieuwe studiekeuze na de studiekeuzecheck?,/artikelen,redirect,the tag pages collapse into the hub
/tag/gevolgen/,tag,200,242,0,Wat betekent het leenstelsel concreet voor jou?,/artikelen,redirect,the tag pages collapse into the hub
/tag/gift/,tag,200,300,0,Stoppen voor 1 februari,/artikelen,redirect,the tag pages collapse into the hub
/tag/goede-start-studie/,tag,200,489,0,Vijf tips voor een vliegende studiestart,/artikelen,redirect,the tag pages collapse into the hub
/tag/halvering-collegegeld/,tag,200,328,0,Halvering collegegeld,/artikelen,redirect,the tag pages collapse into the hub
/tag/havo/,tag,200,440,0,Van havo naar universiteit,/artikelen,redirect,the tag pages collapse into the hub
/tag/hogeschool/,tag,200,561,0,Studeren zonder stress,/artikelen,redirect,the tag pages collapse into the hub
/tag/inschrijven/,tag,200,1068,0,Inschrijven,/artikelen,redirect,the tag pages collapse into the hub
/tag/introductieweek/,tag,200,392,0,Introductieweek: wat kunnen studenten verwachten?,/artikelen,redirect,the tag pages collapse into the hub
/tag/kamers/,tag,200,694,0,Op kamers gaan of niet?,/artikelen,redirect,the tag pages collapse into the hub
/tag/korte-termijn/,tag,200,593,0,Geslaagd maar nog geen studie gekozen. Tussenjaar of alsnog een studie kiezen?,/artikelen,redirect,the tag pages collapse into the hub
/tag/leenstelsel/,tag,200,439,0,Studiefinanciering in het leenstelsel: hoe zit het?,/artikelen,redirect,the tag pages collapse into the hub
/tag/leuk-en-nuttig/,tag,200,520,0,Studie kiezen: ga je voor leuk of nuttig?,/artikelen,redirect,the tag pages collapse into the hub
/tag/matching/,tag,200,414,0,Matching: wat moet je weten?,/artikelen,redirect,the tag pages collapse into the hub
/tag/mbo/,tag,200,437,0,Mbo-opleidingen beperkt aantal plaatsen,/artikelen,redirect,the tag pages collapse into the hub
/tag/meelopen/,tag,200,424,0,Gestopt met je studie? Blijf niet stilzitten!,/artikelen,redirect,the tag pages collapse into the hub
/tag/motivatie/,tag,200,436,0,Studiekeuzecheck: wat is jouw motivatie?,/artikelen,redirect,the tag pages collapse into the hub
/tag/particuliere-opleiding/,tag,200,536,0,Verschillen tussen een reguliere en particuliere opleiding,/artikelen,redirect,the tag pages collapse into the hub
/tag/persoonlijkheid/,tag,200,511,0,Hoe selecteren opleidingen hun studenten?,/artikelen,redirect,the tag pages collapse into the hub
/tag/rente/,tag,200,416,0,Geld lenen? De regering wil de rente op de studieschuld verhogen,/artikelen,redirect,the tag pages collapse into the hub
/tag/scholier/,tag,200,532,0,Van wisselende vakken tot studiepunten sprokkelen: scholier vs. student (deel 1),/artikelen,redirect,the tag pages collapse into the hub
/tag/startsalaris/,tag,200,535,0,Mijn studie: hoe zit het met baankansen en startsalaris?,/artikelen,redirect,the tag pages collapse into the hub
/tag/stoppen/,tag,200,416,0,Stoppen met studeren: wat moet je regelen?,/artikelen,redirect,the tag pages collapse into the hub
/tag/student/,tag,200,532,0,Van wisselende vakken tot studiepunten sprokkelen: scholier vs. student (deel 1),/artikelen,redirect,the tag pages collapse into the hub
/tag/studentenstad/,tag,200,561,0,Studeren zonder stress,/artikelen,redirect,the tag pages collapse into the hub
/tag/studentenvereniging/,tag,200,582,0,Lid worden bij een vereniging?,/artikelen,redirect,the tag pages collapse into the hub
/tag/studeren-tijdens-corona/,tag,200,560,0,Thuis studeren als een pro,/artikelen,redirect,the tag pages collapse into the hub
/tag/studeren/,tag,200,694,0,Op kamers gaan of niet?,/artikelen,redirect,the tag pages collapse into the hub
/tag/studie/,tag,200,416,0,Stoppen met studeren: wat moet je regelen?,/artikelen,redirect,the tag pages collapse into the hub
/tag/studiefinanciering/,tag,200,439,0,Studiefinanciering in het leenstelsel: hoe zit het?,/artikelen,redirect,the tag pages collapse into the hub
/tag/studiekeuze-veranderen/,tag,200,605,0,Mijn studie is te moeilijk voor mij…,/artikelen,redirect,the tag pages collapse into the hub
/tag/studiekeuze/,tag,200,593,0,Geslaagd maar nog geen studie gekozen. Tussenjaar of alsnog een studie kiezen?,/artikelen,redirect,the tag pages collapse into the hub
/tag/studiekeuzeadvies/,tag,200,527,0,"Gekozen voor een studie, maar nu slaat de twijfel toe!",/artikelen,redirect,the tag pages collapse into the hub
/tag/studiekeuzecheck/,tag,200,398,0,It’s (not) a match: nieuwe studiekeuze na de studiekeuzecheck?,/artikelen,redirect,the tag pages collapse into the hub
/tag/studieloopbaancoach/,tag,200,489,0,Vijf tips voor een vliegende studiestart,/artikelen,redirect,the tag pages collapse into the hub
/tag/studieperspectief/,tag,200,505,0,Deadline decentrale selectie 15 januari,/artikelen,redirect,the tag pages collapse into the hub
/tag/studieschuld/,tag,200,416,0,Geld lenen? De regering wil de rente op de studieschuld verhogen,/artikelen,redirect,the tag pages collapse into the hub
/tag/studiestart/,tag,200,489,0,Vijf tips voor een vliegende studiestart,/artikelen,redirect,the tag pages collapse into the hub
/tag/studievereniging/,tag,200,582,0,Lid worden bij een vereniging?,/artikelen,redirect,the tag pages collapse into the hub
/tag/switchen/,tag,200,509,0,"Mijn studie is niet leuk, wat nu?",/artikelen,redirect,the tag pages collapse into the hub
/tag/tentamens/,tag,200,605,0,Mijn studie is te moeilijk voor mij…,/artikelen,redirect,the tag pages collapse into the hub
/tag/thuis-studeren/,tag,200,560,0,Thuis studeren als een pro,/artikelen,redirect,the tag pages collapse into the hub
/tag/tips-voor-thuistuderen/,tag,200,560,0,Thuis studeren als een pro,/artikelen,redirect,the tag pages collapse into the hub
/tag/tussenjaar/,tag,200,398,0,De wereld aan je voeten: waarom een tussenjaar?,/artikelen,redirect,the tag pages collapse into the hub
/tag/twijfel/,tag,200,689,0,"Studeren: tegenvallers, twijfels en doorzettingsvermogen",/artikelen,redirect,the tag pages collapse into the hub
/tag/uitgeloot/,tag,200,421,0,Uitgeloot voor je studie: wat nu?,/artikelen,redirect,the tag pages collapse into the hub
/tag/uitschrijven/,tag,200,617,0,Uitschrijven bij je studie voor 1 februari,/artikelen,redirect,the tag pages collapse into the hub
/tag/universiteit/,tag,200,561,0,Studeren zonder stress,/artikelen,redirect,the tag pages collapse into the hub
/tag/verschillen/,tag,200,532,0,Van wisselende vakken tot studiepunten sprokkelen: scholier vs. student (deel 1),/artikelen,redirect,the tag pages collapse into the hub
/tag/vmbo/,tag,200,362,0,Van vmbo naar mbo,/artikelen,redirect,the tag pages collapse into the hub
/tag/voltijd/,tag,200,548,0,"Een voltijd, deeltijd of een duale studie",/artikelen,redirect,the tag pages collapse into the hub
/tag/voor-en-nadelen/,tag,200,398,0,De wereld aan je voeten: waarom een tussenjaar?,/artikelen,redirect,the tag pages collapse into the hub
/tag/voorbereiden/,tag,200,424,0,Gestopt met je studie? Blijf niet stilzitten!,/artikelen,redirect,the tag pages collapse into the hub
/tag/voorbereiding/,tag,200,417,0,De voorbereiding op je nieuwe studie begint nu,/artikelen,redirect,the tag pages collapse into the hub
/tag/wat-nu/,tag,200,421,0,Uitgeloot voor je studie: wat nu?,/artikelen,redirect,the tag pages collapse into the hub
/tarieven/,page,200,600,182,,/tarieven,keep,the address is a page on this site now
/tarieven/schermafbeelding-2014-12-29-om-09-51-07/,attachment,200,6,0,Schermafbeelding 2014-12-29 om 09.51.07,/tarieven,redirect,attachment to its parent
/tarieven/schermafbeelding-2014-12-29-om-09-53-53/,attachment,200,4,0,Tarieven voor studiekeuze,/tarieven,redirect,attachment to its parent
/tarieven/schermafbeelding-2014-12-29-om-11-38-38/,attachment,200,6,0,Tarieven voor studiekeuze advies.,/tarieven,redirect,attachment to its parent
/tarieven/tarievenska/,attachment,200,0,0,tarievenska,/tarieven,redirect,attachment to its parent
/tarieven/unnamed-1/,attachment,200,2,0,unnamed (1),/tarieven,redirect,attachment to its parent
/tarieven/unnamed-2/,attachment,200,2,0,unnamed (2),/tarieven,redirect,attachment to its parent
/tarieven/unnamed/,attachment,200,0,0,unnamed,/tarieven,redirect,attachment to its parent
/thuis-studeren-als-een-pro/,post,200,560,1,Thuis studeren als een pro,/thuis-studeren-als-een-pro,keep,the article keeps its root URL
/uitgeloot-voor-je-studie-wat-nu/,post,200,421,1,Uitgeloot voor je studie: wat nu?,/uitgeloot-voor-je-studie-wat-nu,keep,the article keeps its root URL
/uitschrijven-bij-je-studie-voor-1-februari/,post,200,617,1,Uitschrijven bij je studie voor 1 februari,/uitschrijven-bij-je-studie-voor-1-februari,keep,the article keeps its root URL
/utrecht/,other,200,726,1,StudieKeuzeAdvies Utrecht,/locaties/utrecht,redirect,the old site already redirects this to /locaties/utrecht/
/vacature-keuzecoach-dordrecht/,page,200,583,1,Een goede studiekeuze maken. Lastig hè?,/coach-worden,redirect,our own rule; the old site sends this to /
/vacature-keuzecoach-zwolle/,page,200,0,1,Vacatures,/coach-worden,redirect,our own rule; the old site sends this to /vacatures/
/vacature-keuzecoach/,page,200,0,1,Vacatures,/coach-worden,redirect,our own rule; the old site sends this to /vacatures/
/vacatures/,page,200,0,182,Vacatures,/coach-worden,redirect,
/van-havo-naar-de-universiteit/,post,200,440,1,Van havo naar universiteit,/van-havo-naar-de-universiteit,keep,the article keeps its root URL
/van-studie-wisselen/,post,200,3164,2,Van studie wisselen,/van-studie-wisselen,keep,the article keeps its root URL
/van-studie-wisselen/foto1-2/,attachment,200,0,0,foto1,/van-studie-wisselen,redirect,attachment to its parent
/van-studie-wisselen/foto1/,attachment,200,0,0,foto1,/van-studie-wisselen,redirect,attachment to its parent
/van-studie-wisselen/foto2-2/,attachment,200,0,0,FOTO2,/van-studie-wisselen,redirect,attachment to its parent
/van-studie-wisselen/foto2/,attachment,200,0,0,foto2,/van-studie-wisselen,redirect,attachment to its parent
/van-studie-wisselen/foto3-2/,attachment,200,0,0,FOTO3,/van-studie-wisselen,redirect,attachment to its parent
/van-studie-wisselen/foto3/,attachment,200,0,0,foto3,/van-studie-wisselen,redirect,attachment to its parent
/van-studie-wisselen/foto4-2/,attachment,200,0,0,FOTO4,/van-studie-wisselen,redirect,attachment to its parent
/van-studie-wisselen/foto4/,attachment,200,0,0,foto4,/van-studie-wisselen,redirect,attachment to its parent
/van-studie-wisselen/foto5-2/,attachment,200,0,0,FOTO5,/van-studie-wisselen,redirect,attachment to its parent
/van-studie-wisselen/foto5/,attachment,200,0,0,foto5,/van-studie-wisselen,redirect,attachment to its parent
/van-vmbo-naar-mbo/,post,200,362,1,Van vmbo naar mbo,/van-vmbo-naar-mbo,keep,the article keeps its root URL
/van-wisselende-vakken-tot-studiepunten-sprokkelen-scholier-versus-student-deel-2/,post,200,547,1,Van wisselende vakken tot studiepunten sprokkelen: scholier versus student (deel 2),/van-wisselende-vakken-tot-studiepunten-sprokkelen-scholier-versus-student-deel-2,keep,the article keeps its root URL
/van-wisselende-vakken-tot-studiepunten-sprokkelen-scholier-vs-student/,post,200,532,1,Van wisselende vakken tot studiepunten sprokkelen: scholier vs. student (deel 1),/van-wisselende-vakken-tot-studiepunten-sprokkelen-scholier-vs-student,keep,the article keeps its root URL
/verkeerde-studiekeuze/,page,200,1408,54,Verkeerde studiekeuze,/verkeerde-studiekeuze,keep,the address is a page on this site now
/verkeerde-studiekeuze/pattern/,attachment,200,0,0,pattern,/verkeerde-studiekeuze,redirect,attachment to its parent
/verschillen-tussen-een-reguliere-en-particuliere-opleiding/,post,200,536,1,Verschillen tussen een reguliere en particuliere opleiding,/verschillen-tussen-een-reguliere-en-particuliere-opleiding,keep,the article keeps its root URL
/vervolgstudie-geen-goede-match-nu/,post,200,528,1,Vervolgstudie geen goede match: wat nu?,/vervolgstudie-geen-goede-match-nu,keep,the article keeps its root URL
/vijf-tips-voor-een-vliegende-studiestart/,post,200,489,1,Vijf tips voor een vliegende studiestart,/vijf-tips-voor-een-vliegende-studiestart,keep,the article keeps its root URL
/voor-1-mei-inschrijven/,post,200,1068,1,Inschrijven,/artikel-aanmelden-studies,redirect,the old site already redirects this to /artikel-aanmelden-studies/
/wassenaar/,other,200,723,1,StudieKeuzeAdvies Wassenaar,/locaties/wassenaar,redirect,the old site already redirects this to /locaties/wassenaar/
/wat-betekent-het-leenstelsel-concreet-voor-jou/,post,200,242,1,Wat betekent het leenstelsel concreet voor jou?,/wat-betekent-het-leenstelsel-concreet-voor-jou,keep,the article keeps its root URL
/wat-betekent-het-leenstelsel-concreet-voor-jou/olympus-digital-camera/,attachment,200,0,0,Leenstelsel,/wat-betekent-het-leenstelsel-concreet-voor-jou,redirect,attachment to its parent
/wat-betekent-het-leenstelsel-voor-mij/,post,200,229,1,Wat betekent het leenstelsel voor mij?,/wat-betekent-het-leenstelsel-voor-mij,keep,the article keeps its root URL
/winkel/,shop,200,108,3,Winkel,/tarieven,redirect,the price decision is open
/winkelwagen/,shop,200,8,182,Winkelwagen,/tarieven,redirect,the price decision is open
/wo-opleiding-kiezen/,page,200,329,1,Hulp bij studiekeuze wo,/wo-opleiding-kiezen,keep,the address is a page on this site now
/zo-bewaar-jij-de-balans-tussen-productiviteit-en-vrije-tijd/,post,200,773,2,Een goede balans tussen studie en vrije tijd,/zo-bewaar-jij-de-balans-tussen-productiviteit-en-vrije-tijd,keep,the article keeps its root URL
/zo-maak-jij-een-planning-waar-je-je-aan-kunt-houden/,post,200,512,3,Plannen als een pro,/zo-maak-jij-een-planning-waar-je-je-aan-kunt-houden,keep,the article keeps its root URL
/zutphen/,page,200,724,182,StudieKeuzeAdvies Zutphen,/locaties/zutphen,redirect,
/zwolle/,other,200,724,1,StudieKeuzeAdvies Zwolle,/locaties/zwolle,redirect,the old site already redirects this to /locaties/zwolle/
